key,en,mn,ko,mn_new,ko_new,notes
meta.title,E & S Discovery Mongolia — Private Mongolia Travel & Tours,"E & S Discovery Mongolia — Монголын хувийн аялал, тур",E & S 디스커버리 몽골 — 프라이빗 몽골 여행 & 투어,,,
meta.description,"Curated private journeys and small group tours through Mongolia's nomadic culture, endless steppes and remote landscapes — crafted by trusted local experts.","Монголын нүүдэлчин соёл, төгсгөлгүй тал нутаг, алслагдсан байгалиар дамжуулсан хувийн болон бага бүлгийн аялал — итгэмжлэгдсэн орон нутгийн мэргэжилтнүүдээр зохион байгуулагдсан.","몽골의 유목 문화와 끝없는 초원, 오지 풍경을 신뢰할 수 있는 현지 전문가가 기획한 맞춤형 프라이빗 여행과 소규모 그룹 투어.",,,
common.read_more,Read more,Дэлгэрэнгүй,더 보기,,,
common.read_less,Read less,Хураах,간략히 보기,,,
common.save,Save,Хадгалах,저장,,,
common.share,Share,Хуваалцах,공유,,,
common.close,Close,Хаах,닫기,,,
common.menu,Menu,Цэс,메뉴,,,
common.subscribe,Subscribe,Бүртгүүлэх,구독,,,
common.from,from,эхлэх үнэ,부터,,,
common.per_person,/ person,/ хүн,/ 인,,,
common.sending,Sending…,Илгээж байна…,전송 중…,,,
common.error_generic,Something went wrong — please try again.,Ямар нэг зүйл буруу боллоо — дахин оролдоно уу.,문제가 발생했습니다 — 다시 시도해 주세요.,,,
common.selected,Selected,Сонгогдсон,선택됨,,,
common.select,Select,Сонгох,선택,,,
nav.tours,Tours,Тур,투어,,,
nav.aboutMongolia,About Mongolia,Монголын тухай,몽골 소개,,,
nav.airport,Airport,Онгоцны буудал,공항,,,
nav.carRental,Car Rental,Машин түрээс,렌터카,,,
nav.journal,Journal,Блог,저널,,,
nav.partners,Partners,Хамтрагчид,파트너,,,
nav.reviews,Reviews,Сэтгэгдэл,후기,,,
nav.about,About,Бидний тухай,회사 소개,,,
nav.contact,Contact,Холбоо барих,문의,,,
nav.bookCta,Book a Trip,Захиалах,여행 예약,,,
nav.share,Share a Tour,Аялал хуваалцах,투어 공유,,,
hero.eyebrow,Experience the Last True Wilderness,Сүүлийн жинхэнэ зэрлэг байгалийг мэдрэ,마지막 진정한 야생을 경험하다,,,
hero.title,Experience Mongolia with Trusted Local Experts Since 2004,Монгол — Энгийнээс давсан газар,2004년부터 신뢰할 수 있는 현지 전문가와 함께하는 몽골,,,
hero.subtitle,Private journeys & small group tours through Mongolia’s nomadic culture and remote landscapes — crafted by trusted local experts since 2004.,"Төгсгөлгүй тал нутаг, эртний уламжлал, гайхамшигт байгалиар дамжуулсан хувийн аялал.","2004년부터 신뢰할 수 있는 현지 전문가가 기획한, 몽골의 유목 문화와 오지 풍경을 만나는 프라이빗 여행 & 소규모 그룹 투어.",,,
hero.cta_explore,Explore Journeys,Аяллуудыг үзэх,여행 둘러보기,,,
hero.cta_film,Watch Film,Кино үзэх,영상 보기,,,
hero.scroll,Scroll to Discover,Доош гүйлгэн нээ,스크롤하여 더 보기,,,
search.destination_label,Choose your destination?,Хаашаа аялахыг хүсч байна вэ?,목적지를 선택하세요,,,
search.destination_placeholder,Select destination,Аялал газар сонгох,목적지 선택,,,
search.duration_label,Duration,Хугацаа,기간,,,
search.duration_placeholder,Any duration,Ямар ч хугацаа,기간 무관,,,
search.style_label,Travel Style,Аяллын хэлбэр,여행 스타일,,,
search.style_placeholder,Any style,Ямар ч хэлбэр,스타일 무관,,,
search.cta,Explore,Хайх,둘러보기,,,
search.destinations[0],Terelj National Park,Тэрэлж Үндэсний Цэцэрлэгт Хүрээлэн,테를지 국립공원,,,
search.destinations[1],Gobi Desert,Говь цөл,고비 사막,,,
search.destinations[2],Khuvsgul Lake,Хөвсгөл нуур,홉스골 호수,,,
search.destinations[3],Altai Mountains,Алтайн нуруу,알타이 산맥,,,
search.destinations[4],Khustain Nuruu,Хустайн Нуруу,후스타이 누루,,,
search.durations[0],3–5 days,3–5 өдөр,3–5일,,,
search.durations[1],6–9 days,6–9 өдөр,6–9일,,,
search.durations[2],10–14 days,10–14 өдөр,10–14일,,,
search.durations[3],15+ days,15+ өдөр,15일 이상,,,
search.styles[0],Private Tour,Хувийн тур,프라이빗 투어,,,
search.styles[1],Luxury Camp,Тансаг лагерь,럭셔리 캠프,,,
search.styles[2],Cultural Journey,Соёлын аялал,문화 여행,,,
search.styles[3],Adventure,Адал явдал,어드벤처,,,
search.styles[4],Photography,Гэрэл зургийн аялал,포토그래피,,,
journeys.eyebrow,Featured Journeys,Онцлох аяллууд,추천 여행,,,
journeys.title,Handcrafted Experiences,Гар аргаар бүтээсэн туршлагууд,정성껏 준비한 여행,,,
journeys.view_all,View All Journeys,Бүх аяллыг үзэх,모든 여행 보기,,,
journeys.days_label,Days,Өдөр,일,,,
journeys.items[0].id,terelj,terelj,terelj,,,
journeys.items[0].days,2,2,2,,,
journeys.items[0].title,Terelj National Park,Тэрэлж Үндэсний Цэцэрлэгт Хүрээлэн,테를지 국립공원,,,
journeys.items[0].description,"Granite mountains, nomadic families and serene nature.","Боржин чулуун уулс, нүүдэлчин гэр бүлүүд, тайван байгаль.","화강암 산과 유목민 가족, 고요한 자연.",,,
journeys.items[0].badge,Private Tour,Хувийн тур,프라이빗 투어,,,
journeys.items[0].rating,5,5,5,,,
journeys.items[0].image,/images/terelj.jpg,/images/terelj.jpg,/images/terelj.jpg,,,
journeys.items[1].id,gobi,gobi,gobi,,,
journeys.items[1].days,7,7,7,,,
journeys.items[1].title,Gobi Expedition,Говийн экспедиц,고비 원정,,,
journeys.items[1].description,"Vast deserts, dramatic canyons and starlit nights.","Өргөн цөл, гайхамшигт хавцал, одтой шөнө.","광활한 사막, 웅장한 협곡, 별이 쏟아지는 밤.",,,
journeys.items[1].badge,Luxury Camp,Тансаг лагерь,럭셔리 캠프,,,
journeys.items[1].rating,5,5,5,,,
journeys.items[1].image,/images/gobi.jpg,/images/gobi.jpg,/images/gobi.jpg,,,
journeys.items[2].id,nomadic,nomadic,nomadic,,,
journeys.items[2].days,5,5,5,,,
journeys.items[2].title,Nomadic Heritage,Нүүдэлчний өв,유목민의 유산,,,
journeys.items[2].description,Live with nomad families and discover ancient traditions.,"Нүүдэлчин гэр бүлтэй амьдарч, эртний уламжлалыг нээ.",유목민 가족과 함께 지내며 오랜 전통을 발견하세요.,,,
journeys.items[2].badge,Cultural Journey,Соёлын аялал,문화 여행,,,
journeys.items[2].rating,5,5,5,,,
journeys.items[2].image,/images/nomadic.jpg,/images/nomadic.jpg,/images/nomadic.jpg,,,
journeys.items[3].id,khuvsgul,khuvsgul,khuvsgul,,,
journeys.items[3].days,6,6,6,,,
journeys.items[3].title,Khuvsgul Lake,Хөвсгөл нуур,홉스골 호수,,,
journeys.items[3].description,Crystal-clear sacred lake surrounded by ancient taiga forest.,Эртний тайгын ойгоор хүрээлэгдсэн болор цэлгэр ариун нуур.,오래된 타이가 숲으로 둘러싸인 맑고 신성한 호수.,,,
journeys.items[3].badge,Adventure,Адал явдал,어드벤처,,,
journeys.items[3].rating,5,5,5,,,
journeys.items[3].image,/images/khuvsgul.jpg,/images/khuvsgul.jpg,/images/khuvsgul.jpg,,,
tripadvisor.description,"We have been helping people the world over to enjoy unforgettable adventures to our homeland, and we do it all with expertise and passion.",Бид дэлхий даяарх хүмүүст эх нутагтаа мартагдашгүй адал явдал бэлэглэж ирсэн бөгөөд үүнийг мэргэжил чадвар болон хүсэл тэмүүллээрээ хийдэг.,"저희는 전 세계 여행자들이 우리의 고향에서 잊지 못할 모험을 즐길 수 있도록 도와왔으며, 언제나 전문성과 열정으로 임하고 있습니다.",,,
partners.eyebrow,Recommended Partners,Санал болгож буй хамтрагчид,추천 파트너,,,
partners.title,Our Trusted Partners,Бидний итгэмжлэгдсэн хамтрагчид,신뢰하는 파트너,,,
partners.cta,Visit,Зочлох,방문하기,,,
partnerDetail.eyebrow,Recommended partner,Санал болгож буй хамтрагч,추천 파트너,,,
partnerDetail.offerings,What they offer,Тэдний санал болгож буй зүйлс,제공 서비스,,,
partnerDetail.testimonialEyebrow,In their words,Тэдний хэлснээр,고객의 이야기,,,
partnerDetail.ctaEyebrow,Ready to visit?,Зочлохыг хүсэж байна уу?,방문할 준비가 되셨나요?,,,
partnerDetail.ctaBook,Book a Trip,Захиалах,여행 예약,,,
map.eyebrow,Mongolia is Different,Монгол өөр,몽골은 다릅니다,,,
map.title_line1,Not Every Journey,Бүх аялал чамайг,모든 여행이,,,
map.title_line2,Changes You.,Өөрчилдөггүй.,당신을 바꾸진 않습니다.,,,
map.title_italic,This One Will.,Энэ нь өөрчилнө.,하지만 이 여행은 다릅니다.,,,
map.description,"From the moment you arrive, we take care of everything. You just show up — and we handle the rest with heart and precision.",Ирсэн цагаасаа эхлэн бид бүгдийг зохицуулна. Та зүгээр ирэх л хэрэгтэй — бусдыг нь бид зүрх сэтгэлээр шийдвэрлэнэ.,도착하는 순간부터 모든 것을 저희가 책임집니다. 당신은 그저 나타나기만 하면 됩니다 — 나머지는 저희가 정성과 정확함으로 처리합니다.,,,
map.cta,About Us,Бидний тухай,회사 소개,,,
map.hover_hint,Hover a Destination,Газар дээр хулганаа аваачна уу,목적지에 마우스를 올려보세요,,,
map.destinations[0].id,khuvsgul,khuvsgul,khuvsgul,,,
map.destinations[0].name,Khuvsgul,Хөвсгөл,홉스골,,,
map.destinations[0].subtitle,Northern Lakes,Хойд нуурууд,북부 호수,,,
map.destinations[0].x,52,52,52,,,
map.destinations[0].y,18,18,18,,,
map.destinations[1].id,khustain,khustain,khustain,,,
map.destinations[1].name,Khustain,Хустай,후스타이,,,
map.destinations[1].subtitle,Wild Horses,Зэрлэг морь,야생마,,,
map.destinations[1].x,28,28,28,,,
map.destinations[1].y,44,44,44,,,
map.destinations[2].id,terelj,terelj,terelj,,,
map.destinations[2].name,Terelj,Тэрэлж,테를지,,,
map.destinations[2].subtitle,Mountains & Nature,Уул & Байгаль,산과 자연,,,
map.destinations[2].x,72,72,72,,,
map.destinations[2].y,42,42,42,,,
map.destinations[3].id,gobi,gobi,gobi,,,
map.destinations[3].name,Gobi,Говь,고비,,,
map.destinations[3].subtitle,Desert & Dunes,Цөл & Элсэн манхан,사막과 사구,,,
map.destinations[3].x,58,58,58,,,
map.destinations[3].y,65,65,65,,,
map.destinations[4].id,altai,altai,altai,,,
map.destinations[4].name,Altai,Алтай,알타이,,,
map.destinations[4].subtitle,Western Mongolia,Баруун Монгол,서몽골,,,
map.destinations[4].x,22,22,22,,,
map.destinations[4].y,68,68,68,,,
why.eyebrow,Why Travel With Us,Яагаад бидэнтэй аялах вэ,저희와 함께해야 하는 이유,,,
why.items[0].icon,compass,compass,compass,,,
why.items[0].title,Tailor-made Journeys,Захиалгат аялал,맞춤형 여행,,,
why.items[0].description,Every itinerary is custom-designed around you.,Бүх хөтөлбөр таны хүсэлд тулгуурлан боловсруулагдана.,모든 일정은 당신을 위해 맞춤 설계됩니다.,,,
why.items[1].icon,users,users,users,,,
why.items[1].title,Local Experts,Орон нутгийн мэргэжилтнүүд,현지 전문가,,,
why.items[1].description,Born and raised in Mongolia. We know it best.,Монголд төрж өссөн. Бид үүнийг хамгийн сайн мэднэ.,몽골에서 나고 자란 저희가 가장 잘 압니다.,,,
why.items[2].icon,mountain,mountain,mountain,,,
why.items[2].title,Private Experiences,Хувийн туршлага,프라이빗 경험,,,
why.items[2].description,No crowded buses. Just you and the wilderness.,Натовчлол байхгүй. Зөвхөн та болон зэрлэг байгаль.,붐비는 버스는 없습니다. 오직 당신과 야생뿐입니다.,,,
why.items[3].icon,leaf,leaf,leaf,,,
why.items[3].title,Sustainable Tourism,Тогтвортой аялал жуулчлал,지속 가능한 관광,,,
why.items[3].description,Supporting local communities and preserving our land.,"Орон нутгийн нийгэмлэгийг дэмжиж, нутгийг хамгаалах.",지역 사회를 지원하고 우리 땅을 보전합니다.,,,
reviews.eyebrow,Verified everywhere,Хаа сайгүй баталгаажсан,검증된 후기,,,
reviews.title,Trusted by Travelers,Дэлхий даяарх аялагчид,전 세계 여행자들이 신뢰하는,,,
reviews.title_italic,Worldwide,бидэнд итгэдэг,하나의 몽골,,,
reviews.reviews_label,reviews,сэтгэгдэл,개의 후기,,,
reviews.cta,See All Reviews,Бүх сэтгэгдлийг үзэх,모든 후기 보기,,,
reviewsPage.eyebrow,Traveler reviews,Аялагчдын сэтгэгдэл,여행자 후기,,,
reviewsPage.travelers_label,travelers,аялагч,명의 여행자,,,
reviewsPage.title_suffix,one Mongolia.,нэг Монгол.,하나의 몽골.,,,
reviewsPage.reviews_label,reviews,сэтгэгдэл,개의 후기,,,
reviewsPage.all_tours,All Tours,Бүх аялал,모든 투어,,,
reviewsPage.empty,No reviews yet.,Одоогоор сэтгэгдэл алга.,아직 후기가 없습니다.,,,
reviewsPage.prev,← Previous,← Өмнөх,← 이전,,,
reviewsPage.next,Next →,Дараах →,다음 →,,,
quote.line1,Silence,Чимээгүй байдал,고요함에도,,,
quote.line2,has,нь,소리가,,,
quote.line3,a sound.,дуутай.,있습니다.,,,
quote.cta,Discover Mongolia,Монголыг нээ,몽골 탐험하기,,,
journal.eyebrow,Journey Inspiration,Аяллын урам зориг,여행 영감,,,
journal.view_all,View All Articles,Бүх нийтлэлийг үзэх,모든 기사 보기,,,
journal.items[0].id,best-time,best-time,best-time,,,
journal.items[0].category,Travel Guide,Аяллын гарын авлага,여행 가이드,,,
journal.items[0].title,When is the Best Time to Visit Mongolia?,Монгол руу аялахад хамгийн тохиромжтой цаг хэзээ вэ?,몽골 여행하기 가장 좋은 시기는 언제일까요?,,,
journal.items[0].read_time,6,6,6,,,
journal.items[0].image,/images/article-1.jpg,/images/article-1.jpg,/images/article-1.jpg,,,
journal.items[1].id,10-things,10-things,10-things,,,
journal.items[1].category,Culture,Соёл,문화,,,
journal.items[1].title,10 Things You Didn't Know About Mongolia,Монголын тухай мэдэхгүй байсан 10 зүйл,몰랐던 몽골에 관한 10가지 사실,,,
journal.items[1].read_time,7,7,7,,,
journal.items[1].image,/images/article-2.jpg,/images/article-2.jpg,/images/article-2.jpg,,,
journal.items[2].id,horse-trekking,horse-trekking,horse-trekking,,,
journal.items[2].category,Adventure,Адал явдал,어드벤처,,,
journal.items[2].title,Horse Trekking Guide: Tips for Your Journey,Морин аялалын гарын авлага: Аяллын зөвлөмжүүд,승마 트레킹 가이드: 여행을 위한 팁,,,
journal.items[2].read_time,5,5,5,,,
journal.items[2].image,/images/article-3.jpg,/images/article-3.jpg,/images/article-3.jpg,,,
journal.read_label,min read,мин унших,분 읽기,,,
footer.tagline,"Private, tailor-made journeys across the last great wilderness. Ulaanbaatar, Mongolia.","Сүүлийн жинхэнэ зэрлэг байгаль дээрх хувийн, тусгайлан бэлтгэсэн аялал. Улаанбаатар, Монгол.",마지막 위대한 야생을 가로지르는 프라이빗 맞춤 여행. 몽골 울란바토르.,,,
footer.exploreHeading,Explore,Үзэх,둘러보기,,,
footer.companyHeading,Company,Компани,회사,,,
footer.links.tours,Tours,Тур,투어,,,
footer.links.aboutMongolia,About Mongolia,Монголын тухай,몽골 소개,,,
footer.links.airportTransfer,Airport transfer,Онгоцны буудлын үйлчилгээ,공항 픽업,,,
footer.links.carRental,Car rental,Машин түрээс,렌터카,,,
footer.links.partners,Partners,Хамтрагчид,파트너,,,
footer.links.reviews,Reviews,Сэтгэгдэл,후기,,,
footer.links.aboutUs,About us,Бидний тухай,회사 소개,,,
footer.links.journal,Journal,Блог,저널,,,
footer.links.contact,Contact,Холбоо барих,문의,,,
footer.newsletter.heading,Newsletter,Мэдээлэл авах,뉴스레터,,,
footer.newsletter.text,"Stories from the steppe, a few times a year.",Тал нутгийн түүхүүдийг жилд хэдэн удаа хүлээн аваарай.,"초원에서 전하는 이야기, 일 년에 몇 차례.",,,
footer.newsletter.placeholder,Email address,И-мэйл хаяг,이메일 주소,,,
footer.copyright,© 2026 E and S Discovery Mongolia. All rights reserved.,© 2026 E and S Discovery Mongolia. Бүх эрх хуулиар хамгаалагдсан.,© 2026 E and S Discovery Mongolia. All rights reserved.,,,
tourDetail.breadcrumb_tours,Tours,Тур,투어,,,
tourDetail.days_label,days,өдөр,일,,,
tourDetail.nights_label,nights,шөнө,박,,,
tourDetail.max_travellers,Max,Дээд тал нь,최대,,,
tourDetail.highlights,Highlights,Онцлох зүйлс,하이라이트,,,
tourDetail.good_to_know,Good to know,Мэдэж байх зүйлс,알아두면 좋은 정보,,,
tourDetail.day_by_day,Day by day,Өдөр тутмын хөтөлбөр,일정표,,,
tourDetail.day_label,Day,Өдөр,일차,,,
tourDetail.activities,Activities,Үйл ажиллагаа,액티비티,,,
tourDetail.accommodation,Accommodation,Байрлах газар,숙박,,,
tourDetail.meals,Meals,Хоол,식사,,,
tourDetail.traveller_singular,traveller,аялагч,명,,,
tourDetail.traveller_plural,travellers,аялагч,명,,,
tourDetail.book_now,Book now,Захиалах,지금 예약,,,
tourDetail.or,or,эсвэл,또는,,,
tourDetail.see_open_departures,see open departures,нээлттэй аяллуудыг харах,예정된 출발일 보기,,,
tourDetail.free_cancellation,Free cancellation up to 30 days before,30 хоногийн өмнө үнэгүй цуцлах боломжтой,출발 30일 전까지 무료 취소,,,
tourDetail.whats_included,What's included,Юу багтсан бэ,포함 사항,,,
tourDetail.you_may_also_like,You may also like,Танд таалагдаж магадгүй,이런 여행도 좋아하실 거예요,,,
tourDetail.view_all_tours,View all tours →,Бүх аяллыг үзэх →,모든 투어 보기 →,,,
tourDetail.best_season_label,Best season,Хамгийн тохиромжтой улирал,최적의 계절,,,
tourDetail.difficulty_label,Difficulty,Хүндрэлийн түвшин,난이도,,,
toursPage.meta_title,Our Tours — E & S Discovery Mongolia,Бидний аяллууд — E & S Discovery Mongolia,투어 — E & S 디스커버리 몽골,,,
toursPage.meta_description,"Small-group and private expeditions across Mongolia, shaped by the land and the people who know it best.",Монголыг хамгийн сайн мэддэг хүмүүсийн бүтээсэн бага бүлгийн болон хувийн экспедицүүд.,몽골의 땅과 그곳을 가장 잘 아는 사람들이 만든 소규모 및 프라이빗 원정 투어.,,,
toursPage.hero_eyebrow,Journeys across Mongolia,Монгол даяар аялал,몽골을 가로지르는 여행,,,
toursPage.hero_title_prefix,Our,Бидний,우리의,,,
toursPage.hero_title_italic,Tours,аяллууд,투어,,,
toursPage.hero_subtext,Small-group and private expeditions shaped by the land and the people who know it best. Find the journey that's yours.,"Газар нутаг, түүнийг хамгийн сайн мэддэг хүмүүсийн бүтээсэн бага бүлгийн болон хувийн экспедицүүд. Танд тохирох аяллаа ол.",몽골의 땅과 그곳을 가장 잘 아는 사람들이 만든 소규모 및 프라이빗 원정 투어. 당신만의 여행을 찾아보세요.,,,
toursPage.journeys_found,Journeys found,аялал олдлоо,개의 여행,,,
toursPage.duration_chips[0],1–5 days,1–5 өдөр,1–5일,,,
toursPage.duration_chips[1],6–10 days,6–10 өдөр,6–10일,,,
toursPage.duration_chips[2],11 days +,11+ өдөр,11일 이상,,,
toursPage.region_chips[0],Gobi,Говь,고비,,,
toursPage.region_chips[1],Central,Төв,중앙,,,
toursPage.region_chips[2],North,Хойд,북부,,,
toursPage.region_chips[3],West,Баруун,서부,,,
toursPage.type_chips[0],Cultural,Соёлын,문화,,,
toursPage.type_chips[1],Adventure,Адал явдал,어드벤처,,,
toursPage.type_chips[2],Festival,Наадам,축제,,,
toursPage.type_chips[3],Group,Бүлгийн,그룹,,,
toursPage.sort_chips[0],Top rated,Шилдэг үнэлгээтэй,평점 높은 순,,,
toursPage.sort_chips[1],Price: low to high,Үнэ: багаас их рүү,가격 낮은 순,,,
toursPage.sort_chips[2],Price: high to low,Үнэ: ихээс бага руу,가격 높은 순,,,
toursPage.sort_chips[3],Duration,Үргэлжлэх хугацаа,기간순,,,
toursPage.filters,Filters,Шүүлтүүр,필터,,,
toursPage.clear_all,Clear all,Бүгдийг арилгах,모두 지우기,,,
toursPage.duration,Duration,Үргэлжлэх хугацаа,기간,,,
toursPage.region,Region,Бүс нутаг,지역,,,
toursPage.trip_type,Trip type,Аяллын төрөл,여행 유형,,,
toursPage.empty,No tours match those filters yet. Try clearing a filter.,Энэ шүүлтүүрт тохирох аялал алга байна. Шүүлтүүрээ арилгаад дахин оролдоно уу.,해당 조건에 맞는 투어가 아직 없습니다. 필터를 초기화해 보세요.,,,
toursPage.cta_eyebrow,Can't find your journey?,Хүссэн аяллаа олсонгүй юу?,원하는 여행을 찾지 못하셨나요?,,,
toursPage.cta_heading_prefix,Every trip can be,Бүх аяллыг,모든 여행은,,,
toursPage.cta_heading_italic,tailor-made.,танд тохируулан бүтээж болно.,맞춤 제작이 가능합니다.,,,
toursPage.cta_button,Plan a custom trip →,Тусгай аялал төлөвлөх →,맞춤 여행 상담하기 →,,,
journalPage.meta_title,The Journal — Stories from the Steppe — E & S Discovery Mongolia,Блог — Тал нутгийн түүхүүд — E & S Discovery Mongolia,저널 — 초원에서 전하는 이야기 — E & S 디스커버리 몽골,,,
journalPage.meta_description,"Guides, culture, tips and stories from the steppe, the Gobi and the taiga.","Тал нутаг, Говь, тайгын тухай гарын авлага, соёл, зөвлөмж, түүхүүд.","초원과 고비, 타이가에서 전하는 가이드, 문화, 팁, 그리고 이야기.",,,
journalPage.hero_eyebrow,Stories from the steppe,Тал нутгийн түүхүүд,초원에서 전하는 이야기,,,
journalPage.hero_title_prefix,The,Бидний,더,,,
journalPage.hero_title_italic,Journal,Блог,저널,,,
journalPage.category_all,All,Бүгд,전체,,,
journalPage.categories.guides,Guides,Гарын авлага,가이드,,,
journalPage.categories.culture,Culture,Соёл,문화,,,
journalPage.categories.tips,Tips,Зөвлөмж,팁,,,
journalPage.categories.stories,Stories,Түүхүүд,이야기,,,
journalPage.categories.food,Food,Хоол,음식,,,
journalPage.categories.adventure,Adventure,Адал явдал,어드벤처,,,
journalPage.featured_prefix,Featured,Онцлох,추천,,,
journalPage.read_article,Read article →,Нийтлэл унших →,기사 읽기 →,,,
journalPage.load_more,Load more articles,Илүү ихийг харах,기사 더 보기,,,
journalDetail.share,↗ Share,↗ Хуваалцах,↗ 공유,,,
journalDetail.save,♡ Save,♡ Хадгалах,♡ 저장,,,
journalDetail.cta_eyebrow,See it yourself,Өөрөө үзээрэй,직접 경험해 보세요,,,
journalDetail.cta_heading_prefix,Tours that match this,Энэ түүхтэй тохирох,이 가이드와 어울리는,,,
journalDetail.cta_heading_italic,guide.,аяллууд.,투어.,,,
journalDetail.browse_tours,Browse tours →,Аяллуудыг үзэх →,투어 둘러보기 →,,,
journalDetail.keep_reading,Keep reading,Цааш унших,계속 읽기,,,
bookPage.meta_title,Book Your Journey — E & S Discovery Mongolia,Аяллаа захиалах — E & S Discovery Mongolia,여행 예약하기 — E & S 디스커버리 몽골,,,
bookPage.meta_description,A single-page guest checkout for your Mongolia journey — no account needed.,Монгол руу хийх аяллынхаа захиалгыг нэг хуудсанд — бүртгэл шаардлагагүй.,회원가입 없이 한 페이지에서 완료하는 몽골 여행 예약.,,,
bookPage.step_trip,Trip,Аялал,여행,,,
bookPage.step_traveller,Traveller,Аялагч,여행자,,,
bookPage.step_payment,Payment,Төлбөр,결제,,,
bookPage.heading_prefix,Book your,Аяллаа,당신의,,,
bookPage.heading_italic,journey,захиалах,여행 예약하기,,,
bookingForm.no_tours,No tours available to book right now.,Одоогоор захиалах боломжтой аялал алга байна.,현재 예약 가능한 투어가 없습니다.,,,
bookingForm.success_heading,Booking request sent,Захиалгын хүсэлт илгээгдлээ,예약 요청이 전송되었습니다,,,
bookingForm.confirmation_label,Confirmation:,Баталгаажуулах дугаар:,확인번호:,,,
bookingForm.success_message_prefix,Our team will follow up by email to confirm your,Манай баг таны,저희 팀이 이메일로 연락드려,,,
bookingForm.success_message_suffix,booking.,захиалгыг баталгаажуулахаар и-мэйлээр холбогдоно.,예약을 확정해 드립니다.,,,
bookingForm.section1,1 · Trip details,1 · Аяллын мэдээлэл,1 · 여행 정보,,,
bookingForm.tour_label,Tour,Аялал,투어,,,
bookingForm.date_label,Date,Огноо,날짜,,,
bookingForm.travellers_label,Travellers,Аялагчид,여행자 수,,,
bookingForm.section2,2 · Lead traveller,2 · Тэргүүлэх аялагч,2 · 대표 여행자 정보,,,
bookingForm.name_placeholder,Full name,Овог нэр,이름,,,
bookingForm.email_placeholder,Email,И-мэйл,이메일,,,
bookingForm.country_placeholder,Country,Улс,국가,,,
bookingForm.phone_placeholder,Phone,Утас,전화번호,,,
bookingForm.section3,3 · Add-ons,3 · Нэмэлт үйлчилгээ,3 · 추가 옵션,,,
bookingForm.section4,4 · Notes & requests,4 · Тэмдэглэл & хүсэлт,4 · 요청 사항,,,
bookingForm.notes_placeholder,"Dietary needs, accessibility, custom itinerary…","Хоолны хэрэгцээ, хүртээмж, тусгай хөтөлбөр…","식이 요구사항, 접근성, 맞춤 일정 등…",,,
bookingForm.adult_singular,adult,хүн,명,,,
bookingForm.adult_plural,adults,хүн,명,,,
bookingForm.order_summary,Order summary,Захиалгын дүн,주문 요약,,,
bookingForm.total,Total,Нийт,총액,,,
bookingForm.deposit_label,Deposit today · 20%,Өнөөдрийн урьдчилгаа · 20%,오늘 예약금 · 20%,,,
bookingForm.pay_deposit,Pay deposit →,Урьдчилгаа төлөх →,예약금 결제 →,,,
bookingForm.guest_checkout_note,No account needed · guest checkout,Бүртгэл шаардлагагүй · зочны захиалга,회원가입 불필요 · 비회원 예약,,,
shareATour.meta_title,Share a Tour — Open Departures — E & S Discovery Mongolia,Аялал хуваалцах — Нээлттэй аяллууд — E & S Discovery Mongolia,투어 공유 — 예정된 출발일 — E & S 디스커버리 몽골,,,
shareATour.meta_description,Join an open group departure — pick a date on the calendar and travel alongside fellow guests.,Нээлттэй бүлгийн аялалд нэгдээрэй — хуанлиас огноогоо сонгоод бусад зочидтой хамт аялаарай.,그룹 출발 일정에 참여하세요 — 달력에서 날짜를 선택하고 다른 여행자들과 함께 떠나보세요.,,,
departureCalendar.weekdays[0],Mon,Да,월,,,
departureCalendar.weekdays[1],Tue,Мя,화,,,
departureCalendar.weekdays[2],Wed,Лх,수,,,
departureCalendar.weekdays[3],Thu,Пү,목,,,
departureCalendar.weekdays[4],Fri,Ба,금,,,
departureCalendar.weekdays[5],Sat,Бя,토,,,
departureCalendar.weekdays[6],Sun,Ня,일,,,
departureCalendar.regions[0],All tours,Бүх аялал,모든 투어,,,
departureCalendar.regions[1],Gobi,Говь,고비,,,
departureCalendar.regions[2],Central,Төв,중앙,,,
departureCalendar.regions[3],North,Хойд,북부,,,
departureCalendar.regions[4],West,Баруун,서부,,,
departureCalendar.join_group_departure,Join a group departure,Бүлгийн аялалд нэгдэх,그룹 출발에 참여하세요,,,
departureCalendar.heading_prefix,Share a,Аялал,투어,,,
departureCalendar.heading_italic,tour,хуваалцах,공유하기,,,
departureCalendar.prev_month,Previous month,Өмнөх сар,이전 달,,,
departureCalendar.next_month,Next month,Дараах сар,다음 달,,,
departureCalendar.filter,Filter,Шүүлтүүр,필터,,,
departureCalendar.full,Full,Дүүрсэн,마감,,,
departureCalendar.open,Open,Нээлттэй,가능,,,
departureCalendar.select_day,Select a highlighted day to see its departure.,Аяллыг харахын тулд онцолсон өдрийг сонгоно уу.,달력에서 날짜를 선택하면 출발 정보를 볼 수 있습니다.,,,
departureCalendar.no_departures,No departures on this day yet.,Энэ өдөр одоогоор аялал алга байна.,이 날에는 아직 출발 일정이 없습니다.,,,
departureCalendar.departure_count_singular,departure this day,аялал энэ өдөр,개의 출발 일정,,,
departureCalendar.departure_count_plural,departures this day,аялал энэ өдөр,개의 출발 일정,,,
departureCalendar.from,from,эхлэх үнэ,부터,,,
departureCalendar.per_person,/ person,/ хүн,/ 인,,,
departureCalendar.fully_booked,Fully booked,Бүрэн захиалагдсан,예약 마감,,,
departureCalendar.join_departure,Join this departure →,Энэ аялалд нэгдэх →,이 출발에 참여하기 →,,,
departureCalendar.confirmed_note,Confirmed to run · guaranteed departure,Баталгаажсан · заавал явна,출발 확정 · 보장된 출발,,,
departureCalendar.days_label,days,өдөр,일,,,
departureCalendar.small_group_of,small group of,"бага бүлэг, дээд тал нь",소규모 그룹,,,
departureCalendar.english_speaking_guide,English-speaking guide,англи хэлтэй хөтөч,영어 가능 가이드,,,
about.meta_title,About Us — A Local Team Born on the Steppe — E & S Discovery Mongolia,Бидний тухай — Тал нутагт төрсөн орон нутгийн баг — E & S Discovery Mongolia,회사 소개 — 초원에서 태어난 현지 팀 — E & S 디스커버리 몽골,,,
about.meta_description,"Mongolian-owned and staffed since 2009 — a team of forty guides, drivers and travel designers.","2009 оноос хойш Монголын өмчлөлтэй, дөчин хөтөч, жолооч, аяллын дизайнеруудаас бүрдсэн баг.","2009년부터 몽골인이 소유하고 운영 — 40명의 가이드, 운전기사, 여행 기획자로 구성된 팀.",,,
about.since_label,Since 2009,2009 оноос хойш,2009년부터,,,
about.heading_prefix,"A local team,",Тал нутагт төрсөн,초원에서 태어난,,,
about.heading_italic,born on the steppe,орон нутгийн баг,현지 팀,,,
about.body1,"We started with one Land Cruiser and a belief that the best way to see Mongolia is with the people who call it home. Fifteen years later we're a team of forty guides, drivers and travel designers — all Mongolian-born, all still a little in love with the horizon.","Бид нэг Land Cruiser машин болон Монголыг үзэх хамгийн сайн арга нь энд амьдардаг хүмүүстэй хамт байх гэдэг итгэл үнэмшлээр эхэлсэн. Арван таван жилийн дараа бид бүгд Монголд төрсөн, өнөөг хүртэл тэнгэрийн хаяанд дурлаж явдаг дөчин хөтөч, жолооч, аяллын дизайнеруудаас бүрдсэн баг боллоо.","저희는 랜드크루저 한 대와 몽골을 가장 잘 경험하는 방법은 그곳에 사는 사람들과 함께하는 것이라는 믿음으로 시작했습니다. 15년이 지난 지금, 저희는 40명의 가이드, 운전기사, 여행 기획자로 이루어진 팀입니다 — 모두 몽골에서 태어났고, 여전히 지평선을 조금은 사랑하는 사람들입니다.",,,
about.body2,Every journey we build supports the herder families and camps we've worked with for years.,Бидний бүтээж буй аялал бүр олон жил хамтарч ажилласан малчин гэр бүлүүд болон лагерийг дэмждэг.,저희가 기획하는 모든 여행은 오랫동안 함께해 온 유목민 가족과 캠프를 지원합니다.,,,
about.stats[0].value,15+,15+,15+,,,
about.stats[0].label,Years guiding,жил хөтөч ажилласан,년간의 가이드 경험,,,
about.stats[1].value,"8,000+","8,000+","8,000+",,,
about.stats[1].label,Travellers hosted,аялагч дагуулсан,명의 여행자,,,
about.stats[2].value,40,40,40,,,
about.stats[2].label,Local guides,орон нутгийн хөтөч,명의 현지 가이드,,,
about.stats[3].value,4.9★,4.9★,4.9★,,,
about.stats[3].label,Average rating,дундаж үнэлгээ,평균 평점,,,
about.beliefs_eyebrow,What we believe,Бидний итгэл үнэмшил,저희의 신념,,,
about.beliefs_heading,How we travel,Бид хэрхэн аялдаг вэ,여행하는 방식,,,
about.values[0].title,Local first,Орон нутгийг эн тэргүүнд,현지 우선,,,
about.values[0].text,Mongolian-owned and staffed. Your trip directly supports the families and camps that host you.,"Монголын өмчлөлтэй, ажилчидтай. Таны аялал таныг зочилж буй гэр бүл, лагерийг шууд дэмждэг.",몽골인이 소유하고 운영합니다. 당신의 여행은 당신을 맞이하는 가족과 캠프를 직접 지원합니다.,,,
about.values[1].title,Small & tailor-made,Жижиг & тусгайлан бэлтгэсэн,소규모 맞춤 여행,,,
about.values[1].text,"No crowds, no fixed factory itineraries. Every journey is built around you.","Олон түмэн, тогтмол хөтөлбөр байхгүй. Аялал бүр танд тохируулан бүтээгддэг.","붐비는 인파도, 정해진 획일적 일정도 없습니다. 모든 여행은 당신을 중심으로 설계됩니다.",,,
about.values[2].title,Light on the land,Байгальд ээлтэй,자연을 배려하는 여행,,,
about.values[2].text,Low-impact camps and a commitment to leaving the steppe as we found it.,Байгаль орчинд бага нөлөөтэй лагерь ба тал нутгийг олсон хэвээр нь үлдээх амлалт.,저영향 캠프와 초원을 처음 그대로 남기겠다는 다짐.,,,
about.credentials_heading,Trusted & certified,Итгэмжлэгдсэн & гэрчилгээтэй,신뢰와 인증,,,
about.credentials[0],Mongolia Tourism,Монголын Аялал Жуулчлал,몽골 관광청,,,
about.credentials[1],ASTA member,ASTA гишүүн,ASTA 회원,,,
about.credentials[2],Travellers' Choice,Аялагчдын Сонголт,여행자가 선택한 업체,,,
about.credentials[3],Eco-certified,Байгальд ээлтэй гэрчилгээтэй,친환경 인증,,,
aboutMongolia.meta_title,About Mongolia — Land of the Eternal Blue Sky — E & S Discovery Mongolia,Монголын тухай — Мөнх хөх тэнгэрийн орон — E & S Discovery Mongolia,몽골 소개 — 영원한 푸른 하늘의 땅 — E & S 디스커버리 몽골,,,
aboutMongolia.meta_description,"A country the size of Western Europe with fewer than 3.5 million people — geography, nomadic culture, history and wildlife.","3.5 сая хүрэхгүй хүн амтай, Баруун Европтой хэмжээгээрээ адилхан улс — газар зүй, нүүдэлчин соёл, түүх, ан амьтан.","서유럽 크기의 국토에 350만 명이 채 되지 않는 인구 — 지리, 유목 문화, 역사와 야생동물.",,,
aboutMongolia.sections[0].id,geography,geography,geography,,,
aboutMongolia.sections[0].label,Geography,Газар зүй,지리,,,
aboutMongolia.sections[1].id,climate,climate,climate,,,
aboutMongolia.sections[1].label,Climate & seasons,Уур амьсгал & улирал,기후와 계절,,,
aboutMongolia.sections[2].id,culture,culture,culture,,,
aboutMongolia.sections[2].label,Nomadic culture,Нүүдэлчин соёл,유목 문화,,,
aboutMongolia.sections[3].id,history,history,history,,,
aboutMongolia.sections[3].label,History,Түүх,역사,,,
aboutMongolia.sections[4].id,naadam,naadam,naadam,,,
aboutMongolia.sections[4].label,Naadam festival,Наадам,나담 축제,,,
aboutMongolia.sections[5].id,ger,ger,ger,,,
aboutMongolia.sections[5].label,Ger life,Гэрийн амьдрал,게르 생활,,,
aboutMongolia.sections[6].id,wildlife,wildlife,wildlife,,,
aboutMongolia.sections[6].label,Wildlife,Ан амьтан,야생동물,,,
aboutMongolia.facts[0].value,1.56M,1.56 сая,156만,,,
aboutMongolia.facts[0].label,km² of land,хавтгай дурсгал км²,㎢의 국토,,,
aboutMongolia.facts[1].value,260+,260+,260+,,,
aboutMongolia.facts[1].label,sunny days a year,нартай өдөр жилд,일의 맑은 날씨,,,
aboutMongolia.facts[2].value,~25%,~25%,~25%,,,
aboutMongolia.facts[2].label,still nomadic,нүүдэлчин хэвээр,여전히 유목 생활,,,
aboutMongolia.facts[3].value,1206,1206,1206,,,
aboutMongolia.facts[3].label,Chinggis unites the tribes,Чингис хаан аймгуудыг нэгтгэсэн,칭기스 칸의 통일,,,
aboutMongolia.hero_eyebrow,Land of the eternal blue sky,Мөнх хөх тэнгэрийн орон,영원한 푸른 하늘의 땅,,,
aboutMongolia.hero_heading_prefix,About,Монголын,몽골,,,
aboutMongolia.hero_heading_italic,Mongolia,тухай,소개,,,
aboutMongolia.hero_subtext,"A country the size of Western Europe with fewer than 3.5 million people — the last great expanse of open land, and the living heart of nomadic culture.","3.5 сая хүрэхгүй хүн амтай, Баруун Европтой хэмжээгээрээ адилхан улс — нээлттэй газар нутгийн сүүлчийн агуу их уудам, нүүдэлчин соёлын амьд зүрх.",서유럽 크기의 국토에 350만 명이 채 되지 않는 인구 — 마지막 남은 광활한 대지이자 유목 문화가 살아 숨쉬는 심장부.,,,
aboutMongolia.geography_heading,Geography,Газар зүй,지리,,,
aboutMongolia.geography_body,"From the Gobi Desert in the south to the taiga forests and glaciers of the north, Mongolia spans an astonishing range of landscapes. Vast grasslands roll toward the Altai mountains in the west, while the central steppe — the archetypal Mongolian horizon — stretches unbroken for hundreds of kilometres. It remains one of the most sparsely populated sovereign nations on earth.","Өмнөд хэсгийн Говийн цөлөөс хойд хэсгийн тайгын ой, мөсөн голууд хүртэл Монгол улс гайхалтай олон төрлийн байгалийн бүсийг хамардаг. Баруун талаараа Алтайн нуруу руу уудам тал нутаг үргэлжилдэг бол Монголын хаяа гэгддэг төв тал нутаг хэдэн зуун километрээр тасралтгүй үргэлжилдэг. Энэ нь дэлхийн хамгийн цөөн хүн амтай тусгаар улсуудын нэг хэвээр байна.","남쪽의 고비 사막부터 북쪽의 타이가 숲과 빙하까지, 몽골은 놀라울 만큼 다양한 풍경을 품고 있습니다. 서쪽으로는 광활한 초원이 알타이 산맥을 향해 펼쳐지고, 몽골의 전형적인 지평선을 이루는 중앙 초원은 수백 킬로미터에 걸쳐 끊임없이 이어집니다. 몽골은 세계에서 인구 밀도가 가장 낮은 주권 국가 중 하나로 남아 있습니다.",,,
aboutMongolia.climate_heading,Climate & seasons,Уур амьсгал & улирал,기후와 계절,,,
aboutMongolia.climate_body,"Mongolia is the world's most continental climate — long, fiercely cold winters give way to short, intense summers, with barely a spring or autumn between. Summer (June–August) brings warm days, green steppe and the Naadam festival; September paints the north gold before the first snow. Winter is spectacular but severe, dropping well below −20°C, while July highs can reach 30°C. Most travel is timed for the May–September window.","Монгол улс дэлхийн хамгийн эрс тэс уур амьсгалтай — урт, хатуу хүйтэн өвөл богино, эрчимтэй зунд шилждэг бөгөөд хавар, намар бараг байдаггүй. Зун (6-8 сар) дулаан өдрүүд, ногоон тал нутаг, Наадамын баяраар эхэлдэг; 9-р сард хойд бүс алтан өнгөтэй болж, эхний цас орно. Өвөл гайхамшигтай ч хатуу ширүүн, −20°C-аас доош, харин 7-р сарын дулаан нь 30°C хүрдэг. Ихэнх аялал 5-9 сарын хооронд зохион байгуулагддаг.","몽골은 세계에서 가장 대륙성 기후가 강한 나라입니다 — 봄과 가을이 거의 없이, 길고 혹독한 겨울과 짧고 강렬한 여름이 이어집니다. 여름(6월–8월)은 따뜻한 날씨와 푸른 초원, 나담 축제를 선사하며, 9월이 되면 첫눈이 내리기 전 북부가 황금빛으로 물듭니다. 겨울은 장관이지만 혹독하여 영하 20도 아래로 떨어지고, 7월 최고 기온은 30도에 이릅니다. 대부분의 여행은 5월–9월 사이에 이루어집니다.",,,
aboutMongolia.history_heading,History,Түүх,역사,,,
aboutMongolia.history_body,"In 1206 Chinggis Khaan united the warring steppe tribes and forged the Mongol Empire, which at its height stretched from Korea to Hungary — the largest contiguous land empire in history. Karakorum, its capital near present-day Kharkhorin, was once the crossroads of the world. Centuries of Manchu rule and socialist alignment with the Soviet Union followed, before Mongolia's peaceful 1990 democratic revolution opened the country to the world it welcomes travellers into today.","1206 онд Чингис хаан тал нутгийн дайсагнасан овог аймгуудыг нэгтгэн Монголын эзэнт гүрнийг байгуулсан бөгөөд энэ нь оргилдоо Солонгосоос Унгар хүртэл үргэлжилж, түүхэн дэх хамгийн том тасралтгүй хуурай газрын эзэнт гүрэн болсон. Одоогийн Хархорины ойролцоох нийслэл Хархорум нь дэлхийн уулзвар байсан. Хожим Манж, дараа нь Зөвлөлт социалист нөлөөний олон зууны дараа 1990 оны энхийн ардчилсан хувьсгал улс орныг өнөөгийн аялагчдыг угтдаг дэлхийтэй холбосон.","1206년 칭기스 칸은 다투던 초원의 부족들을 통일하여 몽골 제국을 세웠고, 전성기에는 한반도부터 헝가리까지 뻗어나가며 역사상 가장 광대한 대륙 제국을 이루었습니다. 현재의 하르호린 인근에 있던 수도 카라코룸은 한때 세계의 교차로였습니다. 이후 수 세기에 걸친 만주족의 지배와 소비에트 연방과의 사회주의 동맹을 거쳐, 1990년 몽골의 평화로운 민주 혁명이 오늘날 여행자들을 맞이하는 나라의 문을 열었습니다.",,,
aboutMongolia.culture_heading,Nomadic culture,Нүүдэлчин соёл,유목 문화,,,
aboutMongolia.culture_body,"Roughly a quarter of Mongolians still live as herders, moving with the seasons between pastures. Hospitality is sacred: a traveller is always welcomed into the ger with hot salted milk tea. This rhythm of movement, family and the land shapes everything — and it is what our journeys are built to share, at the pace of the people who live it.","Монголчуудын дөрөвний нэг орчим нь улирлын дагуу бэлчээрээс бэлчээр рүү нүүдэллэдэг малчин хэвээр байна. Зочломтгой байдал ариун: аялагчийг үргэлж халуун сүүтэй цайгаар гэрт угтдаг. Энэхүү нүүдэл, гэр бүл, газар нутгийн хэмнэл бүх зүйлийг тодорхойлдог — бидний аялал энэ хэмнэлийг мэдрүүлэхээр бүтээгдсэн.","몽골인의 약 4분의 1은 여전히 계절에 따라 목초지를 옮겨 다니며 유목 생활을 하고 있습니다. 손님을 향한 환대는 신성하게 여겨지며, 여행자는 언제나 따뜻한 소금 우유차와 함께 게르로 환영받습니다. 이동과 가족, 대지가 만들어내는 이 리듬이 모든 것의 바탕이 되며, 저희의 여행은 바로 그것을 그곳에 사는 사람들의 속도로 함께 나누기 위해 만들어졌습니다.",,,
aboutMongolia.culture_quote,The steppe teaches patience — the horizon is never in a hurry.,Тал нутаг тэвчээрийг заадаг — тэнгэрийн хаяа хэзээ ч яардаггүй.,초원은 인내를 가르칩니다 — 지평선은 결코 서두르지 않습니다.,,,
aboutMongolia.naadam_heading,Naadam festival,Наадам,나담 축제,,,
aboutMongolia.naadam_body,"Held every July, Naadam is Mongolia's great national celebration — the ""three manly games"" of wrestling, archery and horse racing, staged across the country and centred on Ulaanbaatar. It is the single best week to witness the culture at full colour, and our festival departures put you in the thick of it.","Жил бүрийн 7-р сард болдог Наадам бол Монголын агуу их үндэсний баяр бөгөөд эрийн гурван наадам буюу бөх барилдаан, сур харваа, морин уралдааныг улс даяар, ялангуяа Улаанбаатарт зохион байгуулдаг. Энэ бол соёлыг бүрэн дүүрэн харах хамгийн сайн долоо хоног бөгөөд бидний наадмын аялал таныг үүний голд оруулдаг.","매년 7월에 열리는 나담은 몽골 최대의 국가적 축제입니다 — 씨름, 활쏘기, 경마로 이루어진 ""남자의 세 가지 경기""가 전국 각지, 특히 울란바토르를 중심으로 펼쳐집니다. 몽골 문화를 가장 생생하게 만날 수 있는 한 주이며, 저희의 축제 일정은 그 한가운데로 당신을 안내합니다.",,,
aboutMongolia.ger_heading,Ger life,Гэрийн амьдрал,게르 생활,,,
aboutMongolia.ger_body,"The ger — known outside Mongolia as a yurt — is a felt-and-canvas dwelling engineered for a life on the move: it can be raised or struck in under an hour, insulates against −30°C winters, and stays cool in summer. Everything inside has its place, from the stove at the centre to the honoured seat opposite the door reserved for guests. Staying in a family ger, rather than passing through as a spectator, is the heart of most of our itineraries.","Гэр — гадаадад юрт гэж мэддэг — нүүдлийн амьдралд зориулж зохион бүтээгдсэн эсгий, даавуун орон сууц: нэг цагийн дотор босгож, буулгаж болно, −30°C өвлийг тэсвэрлэдэг, зунд сэрүүн байдаг. Дотор бүх зүйл өөрийн байрандаа байдаг — төвд зуухнаас эхлээд хаалганы эсрэг талд буй зочны хүндэт суудал хүртэл. Зөвхөн харж өнгөрөхийн оронд гэр бүлийн гэрт хонох нь бидний ихэнх хөтөлбөрийн гол цөм юм.","몽골 밖에서는 유르트로 알려진 게르는 이동 생활에 맞춰 설계된 펠트와 천으로 만든 거주 공간입니다 — 한 시간 안에 세우거나 걷을 수 있고, 영하 30도의 겨울을 견디며 여름에는 시원함을 유지합니다. 중앙의 난로부터 손님을 위해 마련된 문 맞은편의 상석까지, 내부의 모든 것에는 정해진 자리가 있습니다. 구경꾼처럼 스쳐 지나가는 대신 가족의 게르에 머무는 것이야말로 저희 여행 대부분의 핵심입니다.",,,
aboutMongolia.wildlife_heading,Wildlife,Ан амьтан,야생동물,,,
aboutMongolia.wildlife_body,"Mongolia's empty landscapes are a refuge for species that have vanished elsewhere. The Gobi shelters snow leopards, wild Bactrian camels and the reintroduced Przewalski's horse — the last truly wild horse on earth. Golden eagles are trained by Kazakh hunters in the west, while reindeer herders of the northern taiga live alongside their domesticated herds. Lake Khuvsgul and the surrounding forests hold ibex, argali sheep and elusive wolves.","Монголын хоосон газар нутаг бусад газарт устсан зүйлүүдийн хоргодох газар юм. Говьд цасан барс, зэрлэг хос бөхт тэмээ, дахин нутагшуулсан тахь морь — дэлхийн сүүлчийн жинхэнэ зэрлэг морь амьдардаг. Баруун бүсэд казах бөргөчид алтан бүргэдийг сургадаг, харин хойд тайгын цаатан малчид гэршүүлсэн сүргүүдтэйгээ хамт амьдардаг. Хөвсгөл нуур болон түүнийг хүрээлэн буй ойд янгир, аргаль хонь, зэрлэг чоно амьдардаг.","몽골의 텅 빈 대지는 다른 곳에서는 사라진 종들의 안식처입니다. 고비에는 눈표범과 야생 쌍봉낙타, 그리고 지구상 마지막 진정한 야생마인 재도입된 프르제발스키말이 서식합니다. 서부에서는 카자흐 사냥꾼들이 훈련시킨 황금독수리를 볼 수 있고, 북부 타이가의 순록 유목민들은 사육된 무리와 함께 살아갑니다. 홉스골 호수와 주변 숲에는 아이벡스, 아르갈리 양, 그리고 은밀한 늑대들이 서식합니다.",,,
aboutMongolia.cta_eyebrow,Ready to see it for yourself?,Өөрөө үзэхэд бэлэн үү?,직접 경험할 준비가 되셨나요?,,,
aboutMongolia.cta_heading_prefix,Explore our Mongolia,Монголын аяллуудыг,우리의 몽골,,,
aboutMongolia.cta_heading_italic,journeys.,судлаарай.,여행을 둘러보세요.,,,
aboutMongolia.cta_button,Browse all tours →,Бүх аяллыг үзэх →,모든 투어 보기 →,,,
airportTransfers.meta_title,Airport Transfers — E & S Discovery Mongolia,Онгоцны буудлын үйлчилгээ — E & S Discovery Mongolia,공항 픽업 서비스 — E & S 디스커버리 몽골,,,
airportTransfers.meta_description,A familiar face waiting at arrivals. We track your flight and wait if you're delayed.,"Буудал дээр танил царай таныг угтана. Бид таны нислэгийг хянаж, хоцорвол хүлээнэ.",도착 로비에서 기다리는 익숙한 얼굴. 항공편을 추적하며 지연되어도 기다려 드립니다.,,,
airportTransfers.hero_eyebrow,Chinggis Khaan Int'l · door to door,Чингис хаан НОБ · хаалганаас хаалга хүртэл,칭기스칸 국제공항 · 도어 투 도어,,,
airportTransfers.hero_heading_prefix,Airport,Онгоцны буудлын,공항,,,
airportTransfers.hero_heading_italic,Transfers,үйлчилгээ,픽업 서비스,,,
airportTransfers.hero_subtext,A familiar face waiting at arrivals. We track your flight and wait if you're delayed — no stress after a long journey.,"Буудал дээр танил царай таныг угтана. Бид таны нислэгийг хянаж, хоцорвол хүлээнэ — урт аяллын дараа стресс байхгүй.",도착 로비에서 기다리는 익숙한 얼굴. 항공편을 추적하며 지연되어도 기다려 드립니다 — 긴 여정 후 스트레스 없이.,,,
airportTransfers.steps[0].n,1,1,1,,,
airportTransfers.steps[0].title,Book with your flight,Нислэгээ оруулж захиалаарай,항공편으로 예약하세요,,,
airportTransfers.steps[0].text,Enter your flight number and we handle the rest — no need to know the address.,Нислэгийн дугаараа оруулаад үлдсэнийг нь бидэнд даатгаарай — хаяг мэдэх шаардлагагүй.,항공편 번호만 입력하시면 나머지는 저희가 처리합니다 — 주소를 알 필요가 없습니다.,,,
airportTransfers.steps[1].n,2,2,2,,,
airportTransfers.steps[1].title,We track & wait,Бид хянаж хүлээнэ,저희가 추적하고 기다립니다,,,
airportTransfers.steps[1].text,"Delayed? Your driver adjusts automatically and waits at arrivals, free of charge.","Хоцорсон уу? Таны жолооч автоматаар тохируулж, буудал дээр үнэ төлбөргүй хүлээнэ.",지연되셨나요? 기사님이 자동으로 일정을 조정하고 무료로 도착 로비에서 기다립니다.,,,
airportTransfers.steps[2].n,3,3,3,,,
airportTransfers.steps[2].title,Straight to your ger,Шууд таны буудал хүртэл,곧바로 게르까지,,,
airportTransfers.steps[2].text,"Door-to-door to your hotel or the start of your tour, with a local who knows the way.",Замыг мэддэг орон нутгийн хүнтэй хамт зочид буудал эсвэл аяллынхаа эхлэл хүртэл хаалганаас хаалга хүргэнэ.,현지 사정을 잘 아는 기사와 함께 호텔이나 투어 시작 지점까지 도어 투 도어로 이동합니다.,,,
airportTransferForm.flight_number,Flight number,Нислэгийн дугаар,항공편 번호,,,
airportTransferForm.flight_number_placeholder,OM-302,OM-302,OM-302,,,
airportTransferForm.arrival_datetime,Arrival date & time,Буух огноо & цаг,도착 날짜 및 시간,,,
airportTransferForm.passengers,Passengers,Зорчигчид,탑승 인원,,,
airportTransferForm.adult_suffix_singular,adult,хүн,명,,,
airportTransferForm.adult_suffix_plural,adults,хүн,명,,,
airportTransferForm.name,Name,Нэр,이름,,,
airportTransferForm.name_placeholder,Full name,Овог нэр,이름,,,
airportTransferForm.email,Email,И-мэйл,이메일,,,
airportTransferForm.email_placeholder,you@email.com,you@email.com,you@email.com,,,
airportTransferForm.choose_service_eyebrow,Choose your service,Үйлчилгээгээ сонгоно уу,서비스를 선택하세요,,,
airportTransferForm.choose_service_heading,Three ways to arrive,Ирэх гурван арга зам,세 가지 도착 방법,,,
airportTransferForm.tiers[0].name,Standard Transfer,Энгийн үйлчилгээ,스탠다드 픽업,,,
airportTransferForm.tiers[0].desc,Private sedan · up to 3 passengers,Хувийн седан · 3 хүртэл зорчигч,프라이빗 세단 · 최대 3인,,,
airportTransferForm.tiers[0].features[0],Flight tracking,Нислэг хяналт,항공편 추적,,,
airportTransferForm.tiers[0].features[1],Driver waits at arrivals,Жолооч буудал дээр хүлээнэ,도착 로비에서 대기,,,
airportTransferForm.tiers[1].name,Meet & Greet,Угтах & Дагалдах,미트 앤 그리트,,,
airportTransferForm.tiers[1].desc,Guide with name-board · up to 6 pax,Нэртэй хавтастай хөтөч · 6 хүртэл хүн,이름 팻말을 든 가이드 · 최대 6인,,,
airportTransferForm.tiers[1].features[0],Personal greeter inside,Дотор угтагч,입국장 내 전담 안내,,,
airportTransferForm.tiers[1].features[1],SIM card & welcome pack,SIM карт & угтах бэлэг,유심 카드 & 웰컴 키트,,,
airportTransferForm.tiers[1].features[2],Bottled water & wifi,Ус & wifi,생수 & 와이파이,,,
airportTransferForm.tiers[2].name,VIP & Lounge,VIP & Танхим,VIP & 라운지,,,
airportTransferForm.tiers[2].desc,Private lounge · Land Cruiser · 4 pax,Хувийн танхим · Land Cruiser · 4 хүн,프라이빗 라운지 · 랜드크루저 · 4인,,,
airportTransferForm.tiers[2].features[0],Fast-track & lounge access,Хурдавчилсан бүртгэл & танхим,패스트트랙 & 라운지 이용,,,
airportTransferForm.tiers[2].features[1],Luxury Land Cruiser,Тансаг Land Cruiser,럭셔리 랜드크루저,,,
airportTransferForm.most_popular,Most popular,Хамгийн түгээмэл,가장 인기,,,
airportTransferForm.per_vehicle,per vehicle,тээврийн хэрэгслэгт,차량당,,,
airportTransferForm.book_transfer,Book transfer →,Захиалах →,픽업 예약하기 →,,,
airportTransferForm.success_heading,Transfer requested,Хүсэлт илгээгдлээ,픽업 요청이 접수되었습니다,,,
airportTransferForm.confirmation_label,Confirmation:,Баталгаажуулах дугаар:,확인번호:,,,
airportTransferForm.success_message,We'll confirm your driver details by email before your flight lands.,Нислэг буухаас өмнө жолоочийн дэлгэрэнгүй мэдээллийг и-мэйлээр баталгаажуулна.,항공편 도착 전 이메일로 기사님 정보를 안내해 드립니다.,,,
rentACar.meta_title,Rent a 4×4 — Car Rental — E & S Discovery Mongolia,4×4 түрээслэх — Машин түрээс — E & S Discovery Mongolia,4×4 렌트 — 렌터카 — E & S 디스커버리 몽골,,,
rentACar.meta_description,"Well-maintained expedition vehicles — drive yourself, or add an experienced local driver-guide.","Сайн арчлагдсан экспедицийн машинууд — өөрөө жолоод, эсвэл туршлагатай орон нутгийн жолооч-хөтөч нэмээрэй.",잘 정비된 원정용 차량 — 직접 운전하거나 경험 많은 현지 기사 가이드를 추가하세요.,,,
rentACar.hero_eyebrow,Built for the roadless steppe,Замгүй тал нутагт зориулагдсан,길 없는 초원을 위한 차량,,,
rentACar.hero_heading_prefix,Rent a,Түрээсэл,4×4,,,
rentACar.hero_heading_italic,4×4,4×4,렌트하기,,,
rentACar.hero_subtext,"Well-maintained expedition vehicles — drive yourself, or add an experienced local driver-guide.","Сайн арчлагдсан экспедицийн машинууд — өөрөө жолоод, эсвэл туршлагатай орон нутгийн жолооч-хөтөч нэмээрэй.",잘 정비된 원정용 차량 — 직접 운전하거나 경험 많은 현지 기사 가이드를 추가하세요.,,,
rentACar.with_driver,With driver,Жолоочтой,기사 포함,,,
rentACar.self_drive,Self-drive,Өөрөө жолоодох,직접 운전,,,
rentACar.all_vehicles,All vehicles,Бүх машин,모든 차량,,,
rentACar.type_chips[0],SUV,SUV,SUV,,,
rentACar.type_chips[1],Van,Ван,밴,,,
rentACar.type_chips[2],Furgon,Фургон,푸르곤,,,
rentACar.type_chips[3],Sedan,Седан,세단,,,
rentACar.need_fleet_heading,Need a fleet?,Олон машин хэрэгтэй юу?,단체 차량이 필요하신가요?,,,
rentACar.need_fleet_text,"Multiple vehicles for a group expedition, with drivers and support crew.","Бүлгийн экспедицэд зориулсан олон тээврийн хэрэгсэл, жолооч болон дэмжлэгийн багтай.","그룹 원정을 위한 여러 대의 차량과 기사, 지원 인력을 제공합니다.",,,
rentACar.ask_us,Ask us →,Асуух →,문의하기 →,,,
rentACar.insurance_note,Insurance & unlimited km included,Даатгал & хязгааргүй км багтсан,보험 및 무제한 주행거리 포함,,,
rentACar.roadside_note,24/7 roadside support,24/7 замын дэмжлэг,24시간 긴급 출동 지원,,,
rentACar.camping_note,Rooftop tent & camping gear add-ons,Дээвэр майхан & кемпингийн хэрэгсэл нэмэлт,루프탑 텐트 & 캠핑 장비 추가 가능,,,
carCard.per_day,/day,/өдөр,/일,,,
carCard.reserve,Reserve,Захиалах,예약,,,
carSearchRail.pickup_date,Pick-up date,Авах огноо,픽업 날짜,,,
carSearchRail.return_date,Return date,Буцаах огноо,반납 날짜,,,
reservationDialog.success_heading,Reservation received,Захиалга хүлээн авлаа,예약이 접수되었습니다,,,
reservationDialog.confirmation_label,Confirmation:,Баталгаажуулах дугаар:,확인번호:,,,
reservationDialog.success_message_prefix,We'll confirm your,Таны,저희가 이메일로,,,
reservationDialog.success_message_suffix,rental by email shortly.,түрээсийг удахгүй и-мэйлээр баталгаажуулна.,렌트를 곧 확정해 드립니다.,,,
reservationDialog.reserve_eyebrow,Reserve,Захиалах,예약,,,
reservationDialog.confirm_reservation,Confirm reservation →,Захиалгыг баталгаажуулах →,예약 확정하기 →,,,
reservationDialog.name_placeholder,Full name,Овог нэр,이름,,,
reservationDialog.email_placeholder,Email,И-мэйл,이메일,,,
reservationDialog.phone_placeholder,Phone (optional),Утас (заавал биш),전화번호 (선택),,,
contact.meta_title,Contact Us — E & S Discovery Mongolia,Холбоо барих — E & S Discovery Mongolia,문의하기 — E & S 디스커버리 몽골,,,
contact.meta_description,Tell us what you're dreaming of and a real person on our Ulaanbaatar team will reply within a day.,"Юу мөрөөддөгөө хэлээрэй, манай Улаанбаатар дахь баг нэг өдрийн дотор хариулна.",꿈꾸는 여행을 알려주시면 울란바토르 팀의 담당자가 하루 안에 답변드립니다.,,,
contact.eyebrow,We'd love to hear from you,Танаас сонсоход таатай байх болно,여러분의 이야기를 듣고 싶습니다,,,
contact.heading_prefix,Contact,Холбоо,문의,,,
contact.heading_italic,us,барих,하기,,,
contact.subtext,"Tell us what you're dreaming of — a festival, a Gobi crossing, a family trip — and a real person on our Ulaanbaatar team will reply within a day.","Наадам, Говийн аялал, гэр бүлийн аялал зэрэг юу мөрөөддөгөө хэлээрэй — манай Улаанбаатар дахь баг нэг өдрийн дотор хариулна.","축제든, 고비 사막 횡단이든, 가족 여행이든 꿈꾸시는 여행을 알려주세요 — 울란바토르 팀의 담당자가 하루 안에 답변드립니다.",,,
contact.offices[0].title,Call,Залгах,전화,,,
contact.offices[1].title,Email,И-мэйл,이메일,,,
contact.offices[2].title,Visit,Зочлох,방문,,,
contact.map_title,E and S Discovery Mongolia office location,E and S Discovery Mongolia оффисын байршил,E and S Discovery Mongolia 사무실 위치,,,
contactForm.name_placeholder,Name,Нэр,이름,,,
contactForm.email_placeholder,Email,И-мэйл,이메일,,,
contactForm.phone_placeholder,Phone (optional),Утас (заавал биш),전화번호 (선택),,,
contactForm.subjects[0],Tour inquiry,Аяллын лавлагаа,투어 문의,,,
contactForm.subjects[1],Car rental,Машин түрээс,렌터카,,,
contactForm.subjects[2],Airport transfer,Онгоцны буудлын үйлчилгээ,공항 픽업,,,
contactForm.subjects[3],General question,Ерөнхий асуулт,일반 문의,,,
contactForm.message_placeholder,"Tell us about your trip — dates, group size, what you'd love to see…","Аяллынхаа тухай — огноо, бүлгийн хэмжээ, юу үзэхийг хүсэж байгаагаа бичнэ үү…","날짜, 인원, 원하시는 경험 등 여행에 대해 알려주세요…",,,
contactForm.send_message,Send message →,Илгээх →,메시지 보내기 →,,,
contactForm.success_heading,Message sent,Мессеж илгээгдлээ,메시지가 전송되었습니다,,,
contactForm.reference_label,Reference:,Лавлах дугаар:,참조번호:,,,
contactForm.success_message,A member of our Ulaanbaatar team will reply within a day.,Манай Улаанбаатар дахь баг нэг өдрийн дотор хариулна.,울란바토르 팀의 담당자가 하루 안에 답변드립니다.,,,
reviewForm.cta,Write a Review,Сэтгэгдэл бичих,리뷰 작성하기,,,
reviewForm.heading,Share your experience,Аяллынхаа сэтгэгдлийг хуваалцаарай,여행 경험을 공유해 주세요,,,
reviewForm.name_placeholder,Your name,Таны нэр,이름,,,
reviewForm.star_label,Your rating,Үнэлгээ,평점,,,
reviewForm.tour_placeholder,Which tour did you take? (optional),Аль аялалд явсан бэ? (заавал биш),어떤 투어를 이용하셨나요? (선택),,,
reviewForm.review_placeholder,Tell fellow travelers about your trip…,Аяллынхаа тухай бусад аялагчдад хуваалцана уу…,다른 여행자들에게 여행 경험을 들려주세요…,,,
reviewForm.submit,Submit review,Сэтгэгдэл илгээх,리뷰 제출,,,
reviewForm.success_heading,Thank you!,Баярлалаа!,감사합니다!,,,
reviewForm.success_message,Your review has been posted.,Таны сэтгэгдэл нийтлэгдлээ.,리뷰가 등록되었습니다.,,,
tourGallery.open_preview,Open photo preview,Зургийг томоор харах,사진 미리보기 열기,,,
tourGallery.previous_photo,Previous photo,Өмнөх зураг,이전 사진,,,
tourGallery.next_photo,Next photo,Дараах зураг,다음 사진,,,
tourGallery.view_photo,View photo,Зураг харах,사진 보기,,,
tourGallery.close_preview,Close preview,Хаах,미리보기 닫기,,,
sectionNav.on_this_page,On this page,Энэ хуудсанд,이 페이지에서,,,
